{
  "parent": "minecraft:item/handheld",
  "textures": {
    "layer0": "minecraft:item/netherite_sword"
  },
  "overrides": [
    {
      "predicate": { "custom_model_data": 1001 },
      "model": "aspect_pack:item/aspect_chaos" 
    },
    {
      "predicate": { "custom_model_data": 1002 },
      "model": "aspect_pack:item/aspect_nether"
    },
    {
      "predicate": { "custom_model_data": 1003 },
      "model": "aspect_pack:item/aspect_end_n"
    },
    {
      "predicate": { "custom_model_data": 1004 },
      "model": "aspect_pack:item/aspect_sky_n"
    }
  ]
}